referencia;recorrencia;situacao;codigo_vendedor;tipo_faturamento;indice_reajuste;codigo_banco_conta;codigo_forma_pagamento;cnpj_cpf_cliente;servicos.referencia;observacao_fiscal;dia_vencimento;data_primeiro_vencimento;data_vigencia_inicial;data_vigencia_final;servicos.valor_unitario;;;;;;;;;;
1;1;1;1;0;0;2;5;17930934001369;17;;10;10/10/2024;01/01/2024;;850,00;;;;;;;;;;
2;1;1;1;0;0;2;5;45231560000357;17;;10;10/10/2024;01/01/2024;;850,00;;;;;;;;;;
3;1;1;1;0;0;2;5;76022102000170;19;;10;10/10/2024;01/02/2024;;876,86;;;;;;;;;;
4;1;1;1;0;0;2;5;75783688000122;19;;10;10/10/2024;01/08/2024;;972,92;;;;;;;;;;
5;1;1;1;0;0;2;5;00816354000109;17;;10;10/10/2024;01/01/2024;;950,00;;;;;;;;;;
6;1;1;1;0;0;2;5;03227297000110;17;;10;10/10/2024;01/08/2024;;850,00;;;;;;;;;;
7;1;1;1;0;0;2;5;47949656002839;17;;10;10/10/2024;01/01/2024;;850,00;;;;;;;;;;
8;1;1;1;0;0;2;5;14200330000135;23;;10;10/10/2024;01/01/2024;;305,56;;;;;;;;;;
9;1;1;1;0;0;2;5;14200330000135;24;;10;10/10/2024;01/01/2024;;349,90;;;;;;;;;;
10;1;1;1;0;0;2;5;80749732000118;26;;10;10/10/2024;01/01/2024;;550,00;;;;;;;;;;
11;1;1;1;0;0;2;5;80749732000118;28;;10;10/10/2024;01/01/2024;;500,00;;;;;;;;;;
12;1;1;1;0;0;2;5;75228825000248;17;;10;10/10/2024;01/01/2024;;900,00;;;;;;;;;;
13;1;1;1;0;0;2;5;33593575012201;17;;10;10/10/2024;01/01/2024;;850,00;;;;;;;;;;
14;1;1;1;0;0;2;5;76648500005408;17;;10;10/10/2024;01/01/2024;;850,00;;;;;;;;;;
15;1;1;1;0;0;2;5;08782380000760;17;;10;10/10/2024;01/01/2024;;800,00;;;;;;;;;;
16;1;1;1;0;0;2;5;83059758000394;17;;10;10/10/2024;01/01/2024;;850,00;;;;;;;;;;
17;1;1;1;0;0;2;5;61378766006806;17;;10;10/10/2024;01/01/2024;;1037,00;;;;;;;;;;
18;1;1;1;0;0;2;5;83314930004053;17;;10;10/10/2024;01/01/2024;;750,00;;;;;;;;;;
19;1;1;1;0;0;2;5;77945152000272;17;;10;10/10/2024;01/01/2024;;850,00;;;;;;;;;;
20;1;1;1;0;0;2;5;89986400002175;17;;10;10/10/2024;01/01/2024;;850,00;;;;;;;;;;
21;1;1;1;0;0;2;5;45130325004033;17;;10;10/10/2024;01/01/2024;;850,00;;;;;;;;;;
22;1;1;1;0;0;2;5;45130325001107;17;;10;10/10/2024;01/01/2024;;850,00;;;;;;;;;;
23;1;1;1;0;0;2;5;14815628001989;17;;10;10/10/2024;01/01/2024;;800,00;;;;;;;;;;
24;1;1;1;0;0;2;5;61378774006348;17;;10;10/10/2024;01/03/2024;;850,00;;;;;;;;;;
25;1;1;1;0;0;2;5;50461540002356;17;;10;10/10/2024;01/01/2024;;850,00;;;;;;;;;;
26;1;1;1;0;0;2;5;81588873001564;17;;10;10/10/2024;01/01/2024;;800,00;;;;;;;;;;
27;1;1;1;0;0;2;5;82572207000103;16;;10;10/10/2024;01/01/2024;;724,39;;;;;;;;;;
28;1;1;1;0;0;2;5;86246915000105;20;+ plano de 3 canais;10;10/10/2024;01/01/2024;;119,80;;;;;;;;;;
29;1;1;1;0;0;2;5;82721226000227;18;;10;10/10/2024;01/01/2024;;850,00;;;;;;;;;;
30;1;1;1;0;0;2;5;86243482000126;18;;10;10/10/2024;01/01/2024;;475,00;;;;;;;;;;
31;1;1;1;0;0;2;5;46510545000149;17;;10;10/10/2024;01/06/2024;29/03/2025;850,00;;;;;;;;;;
32;1;1;1;0;0;2;5;01624194000169;19;;10;10/10/2024;01/03/2024;31/12/2024;798,50;;;;;;;;;;
33;1;1;1;0;0;2;5;23757656000159;19;;10;10/10/2024;01/03/2024;31/12/2024;787,78;;;;;;;;;;
34;1;1;1;0;0;2;5;04289447000183;19;;10;10/10/2024;01/10/2024;22/06/2025;750,00;;;;;;;;;;
35;1;1;1;0;0;2;5;11456532000154;5;SECRETARIA DE ASSISTÊNCIA SOCIAL;10;10/10/2024;01/03/2024;31/12/2024;32,40;;;;;;;;;;
36;1;1;1;0;0;2;5;11456532000154;7;CENTRO DE REFERÊNCIA DE ASSISTÊNCIA SOCIAL (CRAS);10;10/10/2024;01/03/2024;31/12/2024;64,80;;;;;;;;;;
37;1;1;1;0;0;2;5;11456532000154;7;SERVIÇO DE CONVIVÊNCIA E FORTALECIMENTO DE VÍNCULOS (SCFV);10;10/10/2024;01/03/2024;31/12/2024;64,80;;;;;;;;;;
38;1;1;1;0;0;2;5;11355924000127;13;POSTOS DE SAÚDE DA PRIMEIRO DE MAIO, BAIRRO SANTA TEREZINHA E OURO VERDE.;10;10/10/2024;01/03/2024;31/12/2024;220,51;;;;;;;;;;
39;1;1;1;0;0;2;5;11355924000127;14;POSTO DE SAÚDE CENTRAL E POSTO DE SAÚDE DA PRIMEIRO DE MAIO, BAIRRO SANTA TEREZINHA E OURO VERDE.;10;10/10/2024;01/03/2024;31/12/2024;74,50;;;;;;;;;;
40;1;1;1;0;0;2;5;27761917000165;17;;10;10/10/2024;01/06/2024;29/03/2025;700,00;;;;;;;;;;
41;1;1;1;0;0;2;5;25054255000834;17;;10;10/10/2024;01/06/2024;29/03/2025;850,00;;;;;;;;;;
42;1;1;1;0;0;2;5;82821216000182;11;;10;10/10/2024;01/03/2024;31/12/2024;248,32;;;;;;;;;;
43;1;1;1;0;0;2;5;82821216000182;12;CENTRO ADMINISTRATIVO;10;10/10/2024;01/03/2024;31/12/2024;262,48;;;;;;;;;;
44;1;1;1;0;0;2;5;82821216000182;13;ESCOLA PEDRO TEOBALDO RITTER, ESCOLA PADRE ALFREDO KASPER, GINÁSIO DE ESPORTES GENÉSIO PASITTO, CRECHE ALDINO FETTER, CRAS, MUSEU LINHA OLÍMPIO, CENTRO DE IDOSOS, SECRETARIA DE ASSISTÊNCIA SOCIAL, SECRETARIA DE CONVICÊNCIA, CEIM PRIMEIROS PASSOS.;10;10/10/2024;01/03/2024;31/12/2024;404,79;;;;;;;;;;
45;1;1;1;0;0;2;5;82821216000182;14;CENTRO ADMINISTRATIVO E ESCOLA PEDRO TEOBALDO RITTER, ESCOLA PADRE ALFREDO KASPER, GINÁSIO DE ESPORTES GENÉSIO PASINATTO CRECHE ALDINO FETTER, CRAS, MUSEU LINHA OLÍMPIO, CENTRO DE IDOSOS, SECRETARIA DE ASSISTÊNCIA SOCIAL, SECRETARIA DE CONVIVÊNCIA, CEIM PRIMEIROS PASSOS.;10;10/10/2024;01/03/2024;31/12/2024;248,32;;;;;;;;;;
46;1;1;1;0;0;2;5;00986453000139;19;;10;10/10/2024;01/02/2024;31/12/2024;830,00;;;;;;;;;;
47;1;1;1;0;0;2;5;87613451000182;19;;10;10/10/2024;01/02/2024;31/12/2024;835,35;;;;;;;;;;
49;1;1;1;0;0;2;5;80641533000191;19;;10;10/10/2024;01/02/2024;31/12/2024;750,00;;;;;;;;;;
50;1;1;1;0;0;2;5;10561999000100;19;;10;10/10/2024;01/02/2024;31/12/2024;835,42;;;;;;;;;;
51;1;1;1;0;0;2;5;01646639000101;19;;10;10/10/2024;01/02/2024;31/12/2024;1049,00;;;;;;;;;;
52;1;1;1;0;0;2;5;04834120000145;19;;10;10/10/2024;01/02/2024;31/12/2024;870,01;;;;;;;;;;
54;1;1;1;0;0;2;5;05523167000150;19;;10;10/10/2024;01/02/2024;31/12/2024;837,02;;;;;;;;;;
56;1;1;1;0;0;2;5;01679363000168;19;;10;10/10/2024;01/02/2024;31/12/2024;792,49;;;;;;;;;;
57;1;1;1;0;0;2;5;02323196000180;19;;10;10/10/2024;01/02/2024;31/12/2024;750,00;;;;;;;;;;
58;1;1;1;0;0;2;5;78493467000108;19;;10;10/10/2024;01/02/2024;31/12/2024;725,42;;;;;;;;;;
59;1;1;1;0;0;2;5;04532979000108;19;;10;10/10/2024;01/02/2024;08/12/2024;675,00;;;;;;;;;;
60;1;1;1;0;0;2;5;06122891000135;19;;10;10/10/2024;01/02/2024;31/12/2024;750,00;;;;;;;;;;
62;1;1;1;0;0;2;5;15487960000103;19;;10;10/10/2024;01/08/2024;22/06/2025;830,00;;;;;;;;;;
63;1;1;1;0;0;2;5;04656359000172;19;;10;10/10/2024;01/04/2024;06/02/2025;778,95;;;;;;;;;;
64;1;1;1;0;0;2;5;77878320000173;19;;10;10/10/2024;01/06/2024;07/04/2025;864,99;;;;;;;;;;
65;1;1;1;0;0;2;5;01593635000102;19;;10;10/10/2024;01/02/2024;31/12/2024;881,79;;;;;;;;;;
67;1;1;1;0;0;2;5;01541489000171;19;;10;10/10/2024;01/02/2024;31/12/2024;889,27;;;;;;;;;;
69;1;1;1;0;0;2;5;80403330000167;19;;10;10/10/2024;01/04/2024;06/02/2025;870,00;;;;;;;;;;
71;1;1;1;0;0;2;5;77778629000191;19;;10;10/10/2024;01/02/2024;31/12/2024;788,92;;;;;;;;;;
73;1;1;1;0;0;2;5;01601416000128;19;;10;10/10/2024;01/07/2024;10/05/2025;830,00;;;;;;;;;;
74;1;1;1;0;0;2;5;00661865000107;19;;10;10/10/2024;01/02/2024;31/12/2024;986,95;;;;;;;;;;
75;1;1;1;0;0;2;5;78687860000132;19;;10;10/10/2024;01/04/2024;15/02/2025;882,20;;;;;;;;;;
76;1;1;1;0;0;2;5;00925703000120;19;;10;10/10/2024;01/02/2024;31/12/2024;830,00;;;;;;;;;;
77;1;1;1;0;0;2;5;95561809000107;19;;10;10/10/2024;01/02/2024;31/12/2024;850,00;;;;;;;;;;
78;1;1;1;0;0;2;5;07277022000142;19;;10;10/10/2024;01/02/2024;05/12/2024;786,15;;;;;;;;;;
79;1;1;1;0;0;2;5;09300643000125;19;;10;10/10/2024;01/02/2024;31/12/2024;788,92;;;;;;;;;;
80;1;1;1;0;0;2;5;01589428000184;19;;10;10/10/2024;01/06/2024;08/04/2025;750,00;;;;;;;;;;
81;1;1;1;0;0;2;5;77778769000160;19;;10;10/10/2024;01/04/2024;21/02/2025;889,78;;;;;;;;;;
82;1;1;1;0;0;2;5;01609081000194;19;;10;10/10/2024;01/02/2024;30/12/2024;731,50;;;;;;;;;;
84;1;1;1;0;0;2;5;17357220000170;19;;10;10/10/2024;01/02/2024;31/12/2024;839,97;;;;;;;;;;
85;1;1;1;0;0;2;5;03527861000110;19;;10;10/10/2024;01/02/2024;31/12/2024;883,70;;;;;;;;;;
86;1;1;1;0;0;2;5;10561874000171;19;;10;10/10/2024;01/02/2024;31/12/2024;720,00;;;;;;;;;;
88;1;1;1;0;0;2;5;04446350000137;19;;10;10/10/2024;01/02/2024;31/12/2024;822,99;;;;;;;;;;
89;1;1;1;0;0;2;5;25062032000142;19;;10;10/10/2024;01/02/2024;31/12/2024;683,74;;;;;;;;;;
90;1;1;1;0;0;2;5;23907532000102;19;;10;10/10/2024;01/04/2024;06/02/2025;756,81;;;;;;;;;;
91;1;1;1;0;0;2;5;36904497000110;19;;10;10/10/2024;01/02/2024;31/12/2024;802,82;;;;;;;;;;
93;1;1;1;0;0;2;5;07172219000117;19;;10;10/10/2024;01/04/2024;28/02/2025;820,07;;;;;;;;;;
95;1;1;1;0;0;2;5;78483856000152;19;;10;10/10/2024;01/02/2024;04/12/2024;750,00;;;;;;;;;;
98;1;1;1;0;0;2;5;22191905000129;19;;10;10/10/2024;01/02/2024;31/12/2024;837,02;;;;;;;;;;
100;1;1;1;0;0;2;5;00442100000178;19;;10;10/10/2024;01/02/2024;31/12/2024;698,15;;;;;;;;;;
102;1;1;1;0;0;2;5;73972226000128;19;;10;10/10/2024;01/02/2024;31/12/2024;837,01;;;;;;;;;;
103;1;1;1;0;0;2;5;02242589000160;19;;10;10/10/2024;01/02/2024;15/12/2024;750,00;;;;;;;;;;
104;1;1;1;0;0;2;5;91997437000105;19;;10;10/10/2024;01/02/2024;31/12/2024;830,78;;;;;;;;;;
105;1;1;1;0;0;2;5;80669864000130;19;;10;10/10/2024;01/02/2024;31/12/2024;786,15;;;;;;;;;;
106;1;1;1;0;0;2;5;78501053000183;19;;10;10/10/2024;01/02/2024;31/12/2024;894,12;;;;;;;;;;
107;1;1;1;0;0;2;5;80611759000140;19;;10;10/10/2024;01/07/2024;15/05/2025;830,00;;;;;;;;;;
108;1;1;1;0;0;2;5;11355924000127;3;PLANO 10 CANAIS: ESF 05 RUA PRIMEIRO DE MAIO;10;10/10/2024;01/02/2024;31/12/2024;170,06;;;;;;;;;;
109;1;1;1;0;0;2;5;11355924000127;3;PLANO 23 CANAIS: ESF 02 E 03 SECRETARIAS DE SAÚDE;10;10/10/2024;01/02/2024;31/12/2024;391,81;;;;;;;;;;
110;1;1;1;0;0;2;5;11355924000127;7;ACADEMIA DE SAÚDE;10;10/10/2024;01/02/2024;31/12/2024;67,72;;;;;;;;;;
111;1;1;1;0;0;2;5;11355924000127;9;ESF 01 LINHA OURO VERDE;10;10/10/2024;01/02/2024;31/12/2024;135,95;;;;;;;;;;
112;1;1;1;0;0;2;5;11355924000127;9;ESF 04 BAIRRO SANTA TEREZINHA;10;10/10/2024;01/02/2024;31/12/2024;135,95;;;;;;;;;;
113;1;1;1;0;0;2;5;82702259000149;15;;10;10/10/2024;01/02/2024;31/12/2024;399,26;;;;;;;;;;
114;1;1;1;0;0;2;5;83021816000129;16;;10;10/10/2024;01/02/2024;31/12/2024;493,67;;;;;;;;;;
115;1;1;1;0;0;2;5;82821216000182;16;;10;10/10/2024;01/02/2024;31/12/2024;483,93;;;;;;;;;;
116;1;1;1;0;0;2;5;82821216000182;3;SALAS DE AULA CEIM PRIMEIROS PASSOS: 10 CANAIS;10;10/10/2024;01/02/2024;31/12/2024;170,06;;;;;;;;;;
117;1;1;1;0;0;2;5;82821216000182;3;Centro Administrativo: 10 canais;10;10/10/2024;01/02/2024;31/12/2024;170,06;;;;;;;;;;
118;1;1;1;0;0;2;5;82821216000182;3;ESCOLA PADRE ALFREDO KASPER: 10 CANAIS;10;10/10/2024;01/02/2024;31/12/2024;170,06;;;;;;;;;;
119;1;1;1;0;0;2;5;82821216000182;3;PRAÇA MUNICIPAL GIUSEPPE PALU: 10 CANAIS;10;10/10/2024;01/02/2024;31/12/2024;107,06;;;;;;;;;;
120;1;1;1;0;0;2;5;82821216000182;3;SALA DE AULA ESCOLA PEDRO THEOBALDO RITTER: 12 CANAIS;10;10/10/2024;01/02/2024;31/12/2024;204,17;;;;;;;;;;
121;1;1;1;0;0;2;5;82821216000182;3;SALAS DE AULA ESCOLA PADRE ALFREDO KASPER: 23 CANAIS;10;10/10/2024;01/02/2024;31/12/2024;391,81;;;;;;;;;;
122;1;1;1;0;0;2;5;82821216000182;3;SALAS DE AULA NA CRECHE PROFESSOR ALDINO FETTER: 15 CANAIS;10;10/10/2024;01/02/2024;31/12/2024;255,35;;;;;;;;;;
123;1;1;1;0;0;2;5;82821216000182;7;BIBLIOTECA MUNICIPAL JOSÉ DE ALENCAR: 4 CANAIS;10;10/10/2024;01/02/2024;31/12/2024;67,72;;;;;;;;;;
124;1;1;1;0;0;2;5;82821216000182;7;CEIM PRIMEIROS PASSOS: 4 CANAIS;10;10/10/2024;01/02/2024;31/12/2024;135,61;;;;;;;;;;
125;1;1;1;0;0;2;5;82821216000182;7;CRECHE PROFESSOR ALDINO FETTER: 4 CANAIS;10;10/10/2024;01/02/2024;31/12/2024;67,82;;;;;;;;;;
126;1;1;1;0;0;2;5;82821216000182;7;DELEGACIA DE POLICIA CIVIL: 4 CANAIS;10;10/10/2024;01/02/2024;31/12/2024;67,72;;;;;;;;;;
127;1;1;1;0;0;2;5;82821216000182;7;ESCOLA PEDRO THEOBALDO RITTER: 4 CANAIS;10;10/10/2024;01/02/2024;31/12/2024;67,89;;;;;;;;;;
128;1;1;1;0;0;2;5;82821216000182;7;GINÁSIO MUNICIPAL DE ESPORTES GENÉSIO PASINATO: 4 CANAIS;10;10/10/2024;01/02/2024;31/12/2024;67,72;;;;;;;;;;
129;1;1;1;0;0;2;5;82821216000182;7;QUADRA ESCOLAR VINCULADA A ESCOLA PADRE ALFREDO KASPER: 4 CANAIS;10;10/10/2024;01/02/2024;31/12/2024;67,72;;;;;;;;;;
130;1;1;1;0;0;2;5;82821216000182;7;SALA DE AULA ESCOLA ESTADUAL BÁSICA JULIO VICENTE DE PELEGRIN: 4 CANAIS;10;10/10/2024;01/02/2024;31/12/2024;67,72;;;;;;;;;;
131;1;1;1;0;0;2;5;82821216000182;7;SALA DE AULA ESCOLA ESTADUAL BÁSICA NEREU DE OLIVEIRA RAMOS: 4 CANAIS;10;10/10/2024;01/02/2024;31/12/2024;67,72;;;;;;;;;;
132;1;1;1;0;0;2;5;82821216000182;7;SALA DE AULA ESCOLA ESTADUAL BÁSICA OURO VERDE: 4 CANAIS;10;10/10/2024;01/02/2024;31/12/2024;67,72;;;;;;;;;;
133;1;1;1;0;0;2;5;82821216000182;7;SALA MAKER NA ESCOLA PADRE ALFREDO KASPER: 4 CANAIS;10;10/10/2024;01/02/2024;31/12/2024;67,72;;;;;;;;;;
134;1;1;1;0;0;2;5;82821216000182;8;COMPLEXO EDUCACIONAL: 6 CANAIS;10;10/10/2024;01/02/2024;31/12/2024;101,85;;;;;;;;;;
135;1;1;1;0;0;2;5;82821216000182;8;CRECHE PROFESSOR ALDINO FETTER: 6 CANAIS;10;10/10/2024;01/02/2024;31/12/2024;101,84;;;;;;;;;;
136;1;1;1;0;0;2;5;82821216000182;8;ESCOLA PEDRO THEOBALDO RITTER: 6 CANAIS;10;10/10/2024;01/02/2024;31/12/2024;101,84;;;;;;;;;;
137;1;1;1;0;0;2;5;82821216000182;9;CENTRO DE EVENTOS DA RUA 1º DE MAIO: 8 CANAIS;10;10/10/2024;01/02/2024;31/12/2024;135,95;;;;;;;;;;
138;1;1;1;0;0;2;5;82821216000182;9;SECRETARIA DE OBRAS E AGRICULTURA: 8 CANAIS;10;10/10/2024;01/02/2024;31/12/2024;135,95;;;;;;;;;;
139;1;1;1;0;0;2;5;82821216000182;10;ESCOLA PADRE ALFREDO KASPER: 5 CANAIS;10;10/10/2024;01/02/2024;31/12/2024;85,40;;;;;;;;;;
140;1;1;1;0;0;2;5;95990230000151;16;;10;10/10/2024;01/02/2024;31/12/2024;475,00;;;;;;;;;;
141;1;1;1;0;0;2;5;95993077000116;16;;10;10/10/2024;01/02/2024;31/12/2024;499,65;;;;;;;;;;
142;1;1;1;0;0;2;5;17930934002500;17;;10;10/10/2024;01/01/2024;05/12/2024;850,00;;;;;;;;;;
145;1;1;1;0;0;2;5;09316885000107;19;;10;10/10/2024;01/08/2024;02/07/2025;750,00;;;;;;;;;;
146;1;1;1;0;0;2;5;10558263000174;19;;10;10/10/2024;01/02/2024;06/01/2025;750,00;;;;;;;;;;
149;1;1;1;0;0;2;5;24893649000147;19;;10;10/10/2024;01/04/2024;27/03/2025;823,73;;;;;;;;;;
151;1;1;1;0;0;2;5;04961189000130;19;;10;10/10/2024;01/04/2024;01/03/2025;750,00;;;;;;;;;;
152;1;1;1;0;0;2;5;00533641000101;19;;10;10/10/2024;01/02/2024;02/01/2025;789,88;;;;;;;;;;
153;1;1;1;0;0;2;5;10978121000166;19;;10;10/10/2024;01/04/2024;31/03/2025;877,73;;;;;;;;;;
154;1;1;1;0;0;2;5;02394406000121;19;;10;10/10/2024;01/04/2024;21/03/2025;958,51;;;;;;;;;;
155;1;1;1;0;0;2;5;78019312000134;19;;10;10/10/2024;01/02/2024;13/01/2025;883,40;;;;;;;;;;
156;1;1;1;0;0;2;5;01742697000139;19;;10;10/10/2024;01/02/2024;17/01/2025;784,65;;;;;;;;;;
159;1;1;1;0;0;2;5;24734770000126;19;;10;10/10/2024;01/02/2024;31/01/2025;730,38;;;;;;;;;;
161;1;1;1;0;0;2;5;02740012000188;19;;10;10/10/2024;01/03/2024;27/02/2025;750,00;;;;;;;;;;
162;1;1;1;0;0;2;5;95684775000130;19;;10;10/10/2024;01/04/2024;12/03/2025;899,22;;;;;;;;;;
163;1;1;1;0;0;2;5;72540487000106;19;;10;10/10/2024;01/02/2024;03/01/2025;830,00;;;;;;;;;;
164;1;1;1;0;0;2;5;00338899000157;19;;10;10/10/2024;01/02/2024;21/01/2025;905,00;;;;;;;;;;
165;1;1;1;0;0;2;5;01841417000140;19;;10;10/10/2024;01/02/2024;23/01/2025;881,54;;;;;;;;;;
166;1;1;1;0;0;2;5;01589918000180;19;;10;10/10/2024;01/04/2024;03/03/2025;899,22;;;;;;;;;;
168;1;1;1;0;0;2;5;76721562000196;19;;10;10/10/2024;01/04/2024;31/03/2025;897,60;;;;;;;;;;
169;1;1;1;0;0;2;5;12857727000179;19;;10;10/10/2024;01/04/2024;02/03/2025;863,38;;;;;;;;;;
170;1;1;1;0;0;2;5;01635079000190;19;;10;10/10/2024;01/01/2024;01/12/2024;826,91;;;;;;;;;;
176;1;1;1;0;0;2;5;03692474000130;19;;10;10/10/2024;01/04/2024;06/03/2025;750,00;;;;;;;;;;
179;1;1;1;0;0;2;5;76648500007028;17;;10;10/10/2024;01/01/2024;05/12/2024;850,00;;;;;;;;;;
180;1;1;1;0;0;2;5;75903880000962;17;;10;10/10/2024;01/01/2024;01/12/2024;1200,00;;;;;;;;;;
181;1;1;1;0;0;2;5;03063856004000;17;;10;10/10/2024;01/02/2024;01/01/2025;850,00;;;;;;;;;;
182;1;1;1;0;0;2;5;47949656005340;17;;10;10/10/2024;01/06/2024;01/05/2025;850,00;;;;;;;;;;
183;1;1;1;0;0;2;5;75661264004263;17;;10;10/10/2024;01/01/2024;31/12/2024;850,00;;;;;;;;;;
184;1;1;1;0;0;2;5;81588873003001;17;;10;10/10/2024;01/01/2024;01/12/2024;900,00;;;;;;;;;;
185;1;1;1;0;0;2;5;83493718000194;19;;10;10/10/2024;01/03/2024;05/02/2025;750,00;;;;;;;;;;
186;1;1;1;0;0;2;5;83026781000110;16;;10;10/10/2024;01/04/2024;27/03/2025;524,85;;;;;;;;;;
188;1;1;1;0;0;2;5;78486198000152;16;;10;10/10/2024;01/07/2024;12/06/2025;493,67;;;;;;;;;;
189;1;1;1;0;0;2;5;77937936000178;19;;10;10/10/2024;01/03/2024;01/02/2025;830,00;;;;;;;;;;
190;1;1;1;0;0;2;5;17613635000167;17;;10;10/10/2024;01/01/2024;01/12/2024;1950,00;;;;;;;;;;
191;1;1;1;0;0;2;5;17771775004150;17;;10;10/10/2024;01/01/2024;01/12/2024;850,00;;;;;;;;;;
192;1;1;1;0;0;2;5;81588873003184;17;;10;10/10/2024;01/01/2024;01/12/2024;850,00;;;;;;;;;;
193;1;1;1;0;0;2;5;80912009000108;16;;10;10/10/2024;01/03/2024;08/02/2025;475,00;;;;;;;;;;
194;1;1;1;0;0;2;5;80674252000135;19;;10;10/10/2024;01/04/2024;09/03/2025;915,28;;;;;;;;;;
195;1;1;1;0;0;2;5;17930934000206;17;;10;10/10/2024;01/01/2024;01/01/2025;950,00;;;;;;;;;;
196;1;1;1;0;0;2;5;01507331000185;19;;10;10/10/2024;01/03/2024;29/03/2025;853,39;;;;;;;;;;
197;1;1;1;0;0;2;5;88732383000133;19;;10;10/10/2024;01/02/2024;04/02/2025;718,61;;;;;;;;;;
198;1;1;1;0;0;2;5;83539684000121;19;;10;10/10/2024;01/02/2024;15/02/2025;783,83;;;;;;;;;;
199;1;1;1;0;0;2;5;20216183000194;19;;10;10/10/2024;01/02/2024;28/02/2025;748,44;;;;;;;;;;
200;1;1;1;0;0;2;5;29937145000103;19;;10;10/10/2024;01/04/2024;01/04/2025;751,25;;;;;;;;;;
201;1;1;1;0;0;2;5;00371279000110;19;;10;10/10/2024;01/02/2024;08/02/2025;899,22;;;;;;;;;;
202;1;1;1;0;0;2;5;00599755000154;19;;10;10/10/2024;01/02/2024;14/02/2025;838,14;;;;;;;;;;
203;1;1;1;0;0;2;5;77774537000133;19;;10;10/10/2024;01/02/2024;28/02/2025;899,22;;;;;;;;;;
204;1;1;1;0;0;2;5;76716109000191;19;;10;10/10/2024;01/02/2024;16/02/2025;899,17;;;;;;;;;;
205;1;1;1;0;0;2;5;03293547000110;19;;10;10/10/2024;01/02/2024;14/02/2025;793,43;;;;;;;;;;
206;1;1;1;0;0;2;5;01613112000180;19;;10;10/10/2024;01/02/2024;17/02/2025;899,22;;;;;;;;;;
207;1;1;1;0;0;2;5;01615659000115;19;;10;10/10/2024;01/02/2024;15/02/2025;899,22;;;;;;;;;;
208;1;1;1;0;0;2;5;02981545000151;19;;10;10/10/2024;01/04/2024;10/04/2025;878,90;;;;;;;;;;
209;1;1;1;0;0;2;5;78484995000109;19;;10;10/10/2024;01/04/2024;01/04/2025;888,25;;;;;;;;;;
211;1;1;1;0;0;2;5;01014097000154;17;;10;10/10/2024;01/01/2024;01/01/2025;850,00;;;;;;;;;;
212;1;1;1;0;0;2;5;89986400002094;17;;10;10/10/2024;01/01/2024;01/01/2025;850,00;;;;;;;;;;
213;1;1;1;0;0;2;5;77778611000190;19;;10;10/10/2024;01/02/2024;01/02/2025;899,22;;;;;;;;;;
215;1;1;1;0;0;2;5;77778678000124;19;;10;10/10/2024;01/02/2024;01/02/2025;889,78;;;;;;;;;;
216;1;1;1;0;0;2;5;53329421002332;17;;10;10/10/2024;01/01/2024;01/02/2025;850,00;;;;;;;;;;
217;1;1;1;0;0;2;5;17930934001873;17;;10;10/10/2024;01/01/2024;01/02/2025;900,00;;;;;;;;;;
219;1;1;1;0;0;2;5;01615560000113;19;;10;10/10/2024;01/02/2024;31/03/2025;888,34;;;;;;;;;;
221;1;1;1;0;0;2;5;81878738000158;19;;10;10/10/2024;01/02/2024;23/03/2025;888,34;;;;;;;;;;
222;1;1;1;0;0;2;5;02724569000559;17;;10;10/10/2024;01/01/2024;01/02/2025;850,00;;;;;;;;;;
223;1;1;1;0;0;2;5;44802999003850;17;;10;10/10/2024;01/01/2024;01/02/2025;850,00;;;;;;;;;;
224;1;1;1;0;0;2;5;21606025006144;17;;10;10/10/2024;01/01/2024;01/02/2025;850,00;;;;;;;;;;
225;1;1;1;0;0;2;5;63089825012070;17;;10;10/10/2024;01/01/2024;01/02/2025;850,00;;;;;;;;;;
226;1;1;1;0;0;2;5;76648500004517;17;;10;10/10/2024;01/01/2024;01/02/2025;850,00;;;;;;;;;;
227;1;1;1;0;0;2;5;75643148000224;17;;10;10/10/2024;01/01/2024;01/02/2025;1150,00;;;;;;;;;;
228;1;1;1;0;0;2;5;45130325002170;17;;10;10/10/2024;01/01/2024;01/02/2025;850,00;;;;;;;;;;
229;1;1;1;0;0;2;5;75661264000942;17;;10;10/10/2024;01/01/2024;01/02/2025;900,00;;;;;;;;;;
230;1;1;1;0;0;2;5;58259771005490;17;;10;10/10/2024;01/01/2024;01/02/2025;950,00;;;;;;;;;;
231;1;1;1;0;0;2;5;45356292001029;17;;10;10/10/2024;01/01/2024;01/02/2025;850,00;;;;;;;;;;
232;1;1;1;0;0;2;5;83932343001002;17;;10;10/10/2024;01/01/2024;01/02/2025;950,00;;;;;;;;;;
233;1;1;1;0;0;2;5;17930934002926;17;;10;10/10/2024;01/01/2024;01/03/2025;850,00;;;;;;;;;;
234;1;1;1;0;0;2;5;01620282000192;19;;10;10/10/2024;01/02/2024;04/04/2025;908,00;;;;;;;;;;
235;1;1;1;0;0;2;5;01920266000115;19;;10;10/10/2024;01/02/2024;24/04/2025;888,34;;;;;;;;;;
237;1;1;1;0;0;2;5;78490968000130;19;;10;10/10/2024;01/02/2024;01/04/2025;760,24;;;;;;;;;;
238;1;1;1;0;0;2;5;01649446000104;19;;10;10/10/2024;01/02/2024;05/04/2025;989,04;;;;;;;;;;
239;1;1;1;0;0;2;5;75776278000154;19;;10;10/10/2024;01/02/2024;11/04/2025;1150,82;;;;;;;;;;
240;1;1;1;0;0;2;5;07617161000178;19;;10;10/10/2024;01/04/2024;05/06/2025;800,00;;;;;;;;;;
241;1;1;1;0;0;2;5;78511326000170;19;;10;10/10/2024;01/02/2024;30/04/2025;873,57;;;;;;;;;;
242;1;1;1;0;0;2;5;24078878000108;19;;10;10/10/2024;01/02/2024;19/04/2025;465,00;;;;;;;;;;
243;1;1;1;0;0;2;5;60909843001702;17;;10;10/10/2024;01/01/2024;01/03/2025;950,00;;;;;;;;;;
244;1;1;1;0;0;2;5;63089825020501;17;;10;10/10/2024;01/01/2024;01/03/2025;850,00;;;;;;;;;;
245;1;1;1;0;0;2;5;63089825022202;17;;10;10/10/2024;01/01/2024;01/03/2025;850,00;;;;;;;;;;
246;1;1;1;0;0;2;5;81588873003850;17;;10;10/10/2024;01/01/2024;01/03/2025;700,00;;;;;;;;;;
247;1;1;1;0;0;2;5;75858506005013;17;;10;10/10/2024;01/01/2024;01/03/2025;850,00;;;;;;;;;;
248;1;1;1;0;0;2;5;83226506001031;17;;10;10/10/2024;01/01/2024;01/03/2025;950,00;;;;;;;;;;
249;1;1;1;0;0;2;5;18027901000132;17;;10;10/10/2024;01/01/2024;01/03/2025;800,00;;;;;;;;;;
250;1;1;1;0;0;2;5;63089825021303;17;;10;10/10/2024;01/01/2024;01/03/2025;850,00;;;;;;;;;;
251;1;1;1;0;0;2;5;17505249015698;17;;10;10/10/2024;01/01/2024;01/03/2025;947,00;;;;;;;;;;
252;1;1;1;0;0;2;5;09301902000132;19;;10;10/10/2024;01/01/2024;01/04/2025;779,48;;;;;;;;;;
253;1;1;1;0;0;2;5;07848478000115;19;;10;10/10/2024;01/02/2024;05/05/2025;815,72;;;;;;;;;;
254;1;1;1;0;0;2;5;80871080000190;19;;10;10/10/2024;01/02/2024;16/05/2025;781,50;;;;;;;;;;
255;1;1;1;0;0;2;5;09438089000147;19;;10;10/10/2024;01/02/2024;30/05/2025;808,30;;;;;;;;;;
256;1;1;1;0;0;2;5;78673159000164;19;;10;10/10/2024;01/02/2024;30/05/2025;877,46;;;;;;;;;;
257;1;1;1;0;0;2;5;00999114000197;19;;10;10/10/2024;01/02/2024;31/05/2025;885,53;;;;;;;;;;
258;1;1;1;0;0;2;5;02010385000101;19;;10;10/10/2024;01/02/2024;03/05/2025;888,25;;;;;;;;;;
260;1;1;1;0;0;2;5;01004459000126;19;;10;10/10/2024;01/02/2024;30/05/2025;897,60;;;;;;;;;;
261;1;1;1;0;0;2;5;01615975000197;19;;10;10/10/2024;01/02/2024;27/05/2025;883,40;;;;;;;;;;
262;1;1;1;0;0;2;5;76721570000132;19;;10;10/10/2024;01/02/2024;05/05/2025;889,52;;;;;;;;;;
263;1;1;1;0;0;2;5;73242687000145;19;;10;10/10/2024;01/02/2024;19/05/2025;989,99;;;;;;;;;;
264;1;1;1;0;0;2;5;00980909000153;19;;10;10/10/2024;01/02/2024;01/05/2025;682,94;;;;;;;;;;
265;1;1;1;0;0;2;5;01934687000103;19;;10;10/10/2024;01/02/2024;03/05/2025;863,36;;;;;;;;;;
266;1;1;1;0;0;2;5;95590998000138;19;;10;10/10/2024;01/02/2024;10/05/2025;779,48;;;;;;;;;;
267;1;1;1;0;0;2;5;78680121000119;19;;10;10/10/2024;01/01/2024;01/04/2025;950,00;;;;;;;;;;
268;1;1;1;0;0;2;5;26803548000406;17;;10;10/10/2024;01/01/2024;01/04/2025;850,00;;;;;;;;;;
269;1;1;1;0;0;2;5;83528638000127;19;;10;10/10/2024;01/02/2024;10/05/2025;810,21;;;;;;;;;;
270;1;1;1;0;0;2;5;87635405002802;17;;10;10/10/2024;01/01/2024;01/04/2025;850,00;;;;;;;;;;
271;1;1;1;0;0;2;5;84708478007769;17;;10;10/10/2024;01/01/2024;01/04/2025;950,00;;;;;;;;;;
272;1;1;1;0;0;2;5;84708478003429;17;;10;10/10/2024;01/01/2024;01/04/2025;850,00;;;;;;;;;;
273;1;1;1;0;0;2;5;50982214001665;17;;10;10/10/2024;01/01/2024;01/04/2025;850,00;;;;;;;;;;
274;1;1;1;0;0;2;5;84950633004652;17;;10;10/10/2024;01/01/2024;01/04/2025;850,00;;;;;;;;;;
275;1;1;1;0;0;2;5;75661264001914;17;;10;10/10/2024;01/01/2024;01/04/2025;850,00;;;;;;;;;;
276;1;1;1;0;0;2;5;46586319001547;17;;10;10/10/2024;01/01/2024;01/04/2025;850,00;;;;;;;;;;
277;1;1;1;0;0;2;5;61378741009070;17;;10;10/10/2024;01/01/2024;01/04/2025;850,00;;;;;;;;;;
278;1;1;1;0;0;2;5;81588873000240;17;;10;10/10/2024;01/01/2024;01/04/2025;900,00;;;;;;;;;;
279;1;1;1;0;0;2;5;81588873000673;17;;10;10/10/2024;01/01/2024;01/04/2025;850,00;;;;;;;;;;
280;1;1;1;0;0;2;5;75858506002006;17;;10;10/10/2024;01/01/2024;01/04/2025;850,00;;;;;;;;;;
281;1;1;1;0;0;2;5;95615266007400;17;;10;10/10/2024;01/01/2024;01/04/2025;850,00;;;;;;;;;;
282;1;1;1;0;0;2;5;01612528000184;3;- UNIDADE DE SAUDE: 6 CANAIS - UNIDADE DE SAUDE DO DISTRITO DE PRATA: 03 CANAIS - SERVIÇO DE CONVIVENCIA E FORTALECIMENTO DE VINCULOS: 04 CANAIS - CRAS: 04 CANAIS - ESCOLA MUNICIPAL: 08 CANAIS - ESCOLA ANITA GARIBALDI: 07 CANAIS - CENTRO INFANTIL NOSSO SONHO: 07 CANAIS - GARAGEM: 04 CANAIS - CENTRO ADM: 04 CANAIS - GINASIO DE ESPORTES E CAMPO SOCIETY DA ESCOLA MUNICIPAL DE BANDEIRANTE- 3 CANAIS - BIBLIOTECA PÚBLICA MUNICIPAL - 3 CANAIS;10;10/10/2024;01/02/2024;01/05/2025;1069,87;;;;;;;;;;
283;1;1;1;0;0;2;5;18867512000115;17;;10;10/10/2024;01/01/2024;01/04/2025;685,95;;;;;;;;;;
284;1;1;1;0;0;2;5;75476796000900;17;;10;10/10/2024;01/02/2024;01/05/2025;850,00;;;;;;;;;;
285;1;1;1;0;0;2;5;83932343004370;17;;10;10/10/2024;01/01/2024;01/04/2025;1150,00;;;;;;;;;;
286;1;1;1;0;0;2;5;92852375000289;17;;10;10/10/2024;01/01/2024;01/04/2025;850,00;;;;;;;;;;
287;1;1;1;0;0;2;5;17930934003060;17;;10;10/10/2024;01/01/2024;01/05/2025;850,00;;;;;;;;;;
288;1;1;1;0;0;2;5;78103579000105;19;;10;10/10/2024;01/02/2024;06/06/2025;1071,84;;;;;;;;;;
289;1;1;1;0;0;2;5;01523145000130;19;;10;10/10/2024;01/02/2024;19/06/2025;885,53;;;;;;;;;;
290;1;1;1;0;0;2;5;15465164000161;19;;10;10/10/2024;01/02/2024;19/06/2025;918,21;;;;;;;;;;
291;1;1;1;0;0;2;5;00310922000103;19;;10;10/10/2024;01/02/2024;16/06/2025;850,00;;;;;;;;;;
293;1;1;1;0;0;2;5;77924678000195;19;;10;10/10/2024;01/02/2024;14/06/2025;953,11;;;;;;;;;;
294;1;1;1;0;0;2;5;77778728000173;19;;10;10/10/2024;01/01/2024;01/05/2025;850,00;;;;;;;;;;
295;1;1;1;0;0;2;5;00921372000150;19;;10;10/10/2024;01/01/2024;21/05/2025;889,52;;;;;;;;;;
296;1;1;1;0;0;2;5;33593575033713;17;;10;10/10/2024;01/01/2024;01/05/2025;850,00;;;;;;;;;;
297;1;1;1;0;0;2;5;81588873003427;17;;10;10/10/2024;01/01/2024;01/05/2025;850,00;;;;;;;;;;
298;1;1;1;0;0;2;5;81588873001645;17;;10;10/10/2024;01/01/2024;01/05/2025;850,00;;;;;;;;;;
299;1;1;1;0;0;2;5;75858506001026;17;;10;10/10/2024;01/01/2024;01/05/2025;950,00;;;;;;;;;;
300;1;1;1;0;0;2;5;95684544000126;16;;10;10/10/2024;01/01/2024;01/05/2025;475,00;;;;;;;;;;
301;1;1;1;0;0;2;5;17613730000160;17;;10;10/10/2024;01/01/2024;01/05/2025;850,00;;;;;;;;;;
302;1;1;1;0;0;2;5;24216436000180;17;;10;10/10/2024;01/01/2024;01/05/2025;750,00;;;;;;;;;;
303;1;1;1;0;0;2;5;17930934001016;17;;10;10/10/2024;01/01/2024;01/06/2025;950,00;;;;;;;;;;
304;1;1;1;0;0;2;5;10584004000118;19;;10;10/10/2024;01/02/2024;01/07/2025;808,63;;;;;;;;;;
306;1;1;1;0;0;2;5;77930386000165;19;;10;10/10/2024;01/02/2024;17/07/2025;920,00;;;;;;;;;;
307;1;1;1;0;0;2;5;77940021000111;19;;10;10/10/2024;01/01/2024;14/06/2025;850,00;;;;;;;;;;
308;1;1;1;0;0;2;5;17757258000130;19;;10;10/10/2024;01/02/2024;03/07/2025;881,37;;;;;;;;;;
311;1;1;1;0;0;2;5;01855537000104;19;;10;10/10/2024;01/02/2024;18/07/2025;883,49;;;;;;;;;;
314;1;1;1;0;0;2;5;02615993000131;19;;10;10/10/2024;01/01/2024;30/06/2025;808,63;;;;;;;;;;
315;1;1;1;0;0;2;5;06273331000181;17;;10;10/10/2024;01/01/2024;01/06/2025;650,00;;;;;;;;;;
316;1;1;1;0;0;2;5;61378774006429;17;;10;10/10/2024;01/01/2024;01/06/2025;850,00;;;;;;;;;;
317;1;1;1;0;0;2;5;01612836000100;22;CENTRO ADM: 13 CANAIS;10;10/10/2024;01/02/2024;11/07/2025;264,25;;;;;;;;;;
318;1;1;1;0;0;2;5;01612836000100;6;Conselho Tutelar;10;10/10/2024;01/02/2024;11/07/2025;61,53;;;;;;;;;;
319;1;1;1;0;0;2;5;01612836000100;6;SAMAE;10;10/10/2024;01/02/2024;11/07/2025;61,53;;;;;;;;;;
320;1;1;1;0;0;2;5;01612836000100;7;Assistência Social;10;10/10/2024;01/02/2024;11/07/2025;86,11;;;;;;;;;;
321;1;1;1;0;0;2;5;01612836000100;7;Centro dos Idosos;10;10/10/2024;01/02/2024;11/07/2025;86,11;;;;;;;;;;
322;1;1;1;0;0;2;5;01612836000100;7;CRAS;10;10/10/2024;01/02/2024;11/07/2025;86,11;;;;;;;;;;
323;1;1;1;0;0;2;5;01612836000100;7;Módulo Esportivo;10;10/10/2024;01/02/2024;11/07/2025;86,11;;;;;;;;;;
324;1;1;1;0;0;2;5;01612836000100;7;Polícia Militar;10;10/10/2024;01/02/2024;11/07/2025;86,11;;;;;;;;;;
325;1;1;1;0;0;2;5;01612836000100;9;Garagem;10;10/10/2024;01/02/2024;11/07/2025;147,70;;;;;;;;;;
326;1;1;1;0;0;2;5;78955663000157;19;;10;10/10/2024;01/02/2024;20/07/2025;883,40;;;;;;;;;;
327;1;1;1;0;0;2;5;95954541000165;19;;10;10/10/2024;01/02/2024;01/08/2025;750,00;;;;;;;;;;
328;1;1;1;0;0;2;5;21369370000170;19;;10;10/10/2024;01/02/2024;01/08/2025;835,90;;;;;;;;;;
329;1;1;1;0;0;2;5;00532195000110;19;;10;10/10/2024;01/01/2024;10/07/2025;883,40;;;;;;;;;;
330;1;1;1;0;0;2;5;95684619000179;19;;10;10/10/2024;01/02/2024;15/08/2025;951,00;;;;;;;;;;
331;1;1;1;0;0;2;5;77778827000155;19;;10;10/10/2024;01/02/2024;01/08/2025;850,00;;;;;;;;;;
332;1;1;1;0;0;2;5;09012116000115;19;;10;10/10/2024;01/02/2024;02/08/2025;909,14;;;;;;;;;;
333;1;1;1;0;0;2;5;77774529000197;19;;10;10/10/2024;01/02/2024;24/08/2025;876,86;;;;;;;;;;
334;1;1;1;0;0;2;5;74126590000130;19;;10;10/10/2024;01/02/2024;01/08/2025;883,49;;;;;;;;;;
335;1;1;1;0;0;2;5;95684585000112;19;;10;10/10/2024;01/02/2024;01/08/2025;788,33;;;;;;;;;;
336;1;1;1;0;0;2;5;03348670000191;19;;10;10/10/2024;01/02/2024;01/08/2025;800,00;;;;;;;;;;
337;1;1;1;0;0;2;5;00795077000103;8;;10;10/10/2024;01/01/2024;01/07/2025;99,90;;;;;;;;;;
338;1;1;1;0;0;2;5;76648500000520;17;;10;10/10/2024;01/01/2024;01/07/2025;900,00;;;;;;;;;;
339;1;1;1;0;0;2;5;19081884004414;17;;10;10/10/2024;01/01/2024;01/07/2025;850,00;;;;;;;;;;
340;1;1;1;0;0;2;5;75283564002636;17;;10;10/10/2024;01/01/2024;01/07/2025;850,00;;;;;;;;;;
341;1;1;1;0;0;2;5;77945152000787;17;;10;10/10/2024;01/01/2024;01/07/2025;850,00;;;;;;;;;;
342;1;1;1;0;0;2;5;15462021000287;17;;10;10/10/2024;01/01/2024;01/07/2025;850,00;;;;;;;;;;
343;1;1;1;0;0;2;5;84708478004077;17;;10;10/10/2024;01/01/2024;01/07/2025;950,00;;;;;;;;;;
344;1;1;1;0;0;2;5;75661264002058;17;;10;10/10/2024;01/01/2024;01/07/2025;950,00;;;;;;;;;;
345;1;1;1;0;0;2;5;75858506000488;17;;10;10/10/2024;01/01/2024;01/07/2025;850,00;;;;;;;;;;
346;1;1;1;0;0;2;5;82821174000180;16;;10;10/10/2024;01/01/2024;04/07/2025;493,67;;;;;;;;;;
347;1;1;1;0;0;2;5;45313061000732;17;;10;10/10/2024;01/01/2024;01/07/2025;850,00;;;;;;;;;;
348;1;1;1;0;0;2;5;45424520000240;17;;10;10/10/2024;01/01/2024;01/08/2025;950,00;;;;;;;;;;
349;1;1;1;0;0;2;5;13513181000100;19;;10;10/10/2024;01/02/2024;01/09/2025;779,92;;;;;;;;;;
350;1;1;1;0;0;2;5;80887805000138;19;;10;10/10/2024;01/02/2024;01/09/2025;876,86;;;;;;;;;;
351;1;1;1;0;0;2;5;81268492000100;19;;10;10/10/2024;01/02/2024;01/09/2025;876,86;;;;;;;;;;
352;1;1;1;0;0;2;5;77838175000105;15;;10;10/10/2024;01/02/2024;15/09/2025;445,06;;;;;;;;;;
353;1;1;1;0;0;2;5;77838175000105;19;;10;10/10/2024;01/02/2024;15/09/2025;445,06;;;;;;;;;;
354;1;1;1;0;0;2;5;01636881000102;19;;10;10/10/2024;01/01/2024;01/08/2025;951,00;;;;;;;;;;
355;1;1;1;0;0;2;5;72540578000141;19;;10;10/10/2024;01/02/2024;01/09/2025;876,86;;;;;;;;;;
356;1;1;1;0;0;2;5;02606335000183;19;;10;10/10/2024;01/02/2024;01/09/2025;395,00;;;;;;;;;;
357;1;1;1;0;0;2;5;00791289000104;19;;10;10/10/2024;01/02/2024;01/09/2025;776,46;;;;;;;;;;
358;1;1;1;0;0;2;5;18867483000191;17;;10;10/10/2024;01/01/2024;01/08/2025;900,00;;;;;;;;;;
359;1;1;1;0;0;2;5;33593575019800;17;;10;10/10/2024;01/01/2024;01/08/2025;950,00;;;;;;;;;;
360;1;1;1;0;0;2;5;76648500011211;17;;10;10/10/2024;01/01/2024;01/08/2025;850,00;;;;;;;;;;
361;1;1;1;0;0;2;5;45288404001485;17;;10;10/10/2024;01/01/2024;01/08/2025;950,00;;;;;;;;;;
362;1;1;1;0;0;2;5;88667217002730;17;;10;10/10/2024;01/01/2024;01/08/2025;850,00;;;;;;;;;;
363;1;1;1;0;0;2;5;77945152001082;17;;10;10/10/2024;01/01/2024;01/08/2025;900,00;;;;;;;;;;
364;1;1;1;0;0;2;5;77945152001597;17;;10;10/10/2024;01/01/2024;01/08/2025;850,00;;;;;;;;;;
365;1;1;1;0;0;2;5;51266203000246;17;;10;10/10/2024;01/01/2024;01/08/2025;850,00;;;;;;;;;;
366;1;1;1;0;0;2;5;20775128002773;17;;10;10/10/2024;01/01/2024;01/08/2025;850,00;;;;;;;;;;
367;1;1;1;0;0;2;5;45356292000995;17;;10;10/10/2024;01/01/2024;01/08/2025;950,00;;;;;;;;;;
368;1;1;1;0;0;2;5;95615266008806;17;;10;10/10/2024;01/01/2024;01/08/2025;850,00;;;;;;;;;;
369;1;1;1;0;0;2;5;06932990000425;17;;10;10/10/2024;01/01/2024;01/08/2025;850,00;;;;;;;;;;
370;1;1;1;0;0;2;5;08253539000164;20;;10;10/10/2024;01/01/2024;10/08/2025;79,90;;;;;;;;;;
371;1;1;1;0;0;2;5;53329421000550;17;;10;10/10/2024;01/01/2024;01/09/2025;900,00;;;;;;;;;;
372;1;1;1;0;0;2;5;17930934005607;17;;10;10/10/2024;01/01/2024;01/09/2025;850,00;;;;;;;;;;
373;1;1;1;0;0;2;5;00781306000122;19;;10;10/10/2024;01/02/2024;01/10/2025;830,00;;;;;;;;;;
374;1;1;1;0;0;2;5;00868608000132;19;;10;10/10/2024;01/02/2024;31/10/2025;890,97;;;;;;;;;;
375;1;1;1;0;0;2;5;77703114000122;19;;10;10/10/2024;01/02/2024;01/10/2025;850,00;;;;;;;;;;
376;1;1;1;0;0;2;5;84781251000140;19;;10;10/10/2024;01/02/2024;07/10/2025;924,21;;;;;;;;;;
377;1;1;1;0;0;2;5;73240236000179;19;;10;10/10/2024;01/02/2024;23/10/2025;950,00;;;;;;;;;;
379;1;1;1;0;0;2;5;15643767000106;19;;10;10/10/2024;01/02/2024;01/10/2025;750,00;;;;;;;;;;
380;1;1;1;0;0;2;5;47949656004106;17;;10;10/10/2024;01/01/2024;01/09/2025;950,00;;;;;;;;;;
381;1;1;1;0;0;2;5;81392664000145;19;;10;10/10/2024;01/02/2024;01/10/2025;850,00;;;;;;;;;;
382;1;1;1;0;0;2;5;87697769000865;17;;10;10/10/2024;01/01/2024;01/09/2025;850,00;;;;;;;;;;
383;1;1;1;0;0;2;5;75283564001311;17;;10;10/10/2024;01/01/2024;01/09/2025;1050,00;;;;;;;;;;
384;1;1;1;0;0;2;5;19081884008592;17;;10;10/10/2024;01/02/2024;01/10/2025;850,00;;;;;;;;;;
385;1;1;1;0;0;2;5;89986400000806;17;;10;10/10/2024;01/01/2024;01/09/2025;850,00;;;;;;;;;;
386;1;1;1;0;0;2;5;14815628000664;17;;10;10/10/2024;01/01/2024;01/09/2025;850,00;;;;;;;;;;
387;1;1;1;0;0;2;5;46586319000303;17;;10;10/10/2024;01/01/2024;01/09/2025;950,00;;;;;;;;;;
388;1;1;1;0;0;2;5;01612528000184;16;;10;10/10/2024;01/02/2024;19/10/2025;499,66;;;;;;;;;;
389;1;1;1;0;0;2;5;63089825029398;17;;10;10/10/2024;01/02/2024;01/10/2025;850,00;;;;;;;;;;
390;1;1;1;0;0;2;5;01569466014397;17;;10;10/10/2024;01/07/2024;05/04/2026;732,90;;;;;;;;;;
391;1;1;1;0;0;2;5;95640744000187;19;;10;10/10/2024;01/01/2024;01/10/2025;850,00;;;;;;;;;;
392;1;1;1;0;0;2;5;02074206000191;19;;10;10/10/2024;01/01/2024;01/10/2025;830,00;;;;;;;;;;
393;1;1;1;0;0;2;5;01613766000104;19;;10;10/10/2024;01/02/2024;01/11/2025;850,00;;;;;;;;;;
394;1;1;1;0;0;2;5;00416643000110;19;;10;10/10/2024;01/01/2024;01/10/2025;889,18;;;;;;;;;;
395;1;1;1;0;0;2;5;01304553000109;19;;10;10/10/2024;01/01/2024;01/10/2025;1100,00;;;;;;;;;;
396;1;1;1;0;0;2;5;11355924000127;12;POSTO CENTRAL DE SAÚDE;10;10/10/2024;01/03/2024;31/12/2025;190,71;;;;;;;;;;
397;1;1;1;0;0;2;5;77924025000106;19;;10;10/10/2024;01/01/2024;01/10/2025;850,00;;;;;;;;;;
398;1;1;1;0;0;2;5;19081884003019;17;;10;10/10/2024;01/01/2024;01/10/2025;650,00;;;;;;;;;;
399;1;1;1;0;0;2;5;75387563001589;17;;10;10/10/2024;01/01/2024;01/10/2025;850,00;;;;;;;;;;
400;1;1;1;0;0;2;5;03063856000951;17;;10;10/10/2024;01/01/2024;01/10/2025;850,00;;;;;;;;;;
401;1;1;1;0;0;2;5;02889252000149;19;;10;10/10/2024;01/02/2024;31/12/2025;677,34;;;;;;;;;;
402;1;1;1;0;0;2;5;77780146000121;19;;10;10/10/2024;01/02/2024;31/12/2025;910,00;;;;;;;;;;
403;1;1;1;0;0;2;5;47949656002910;17;;10;10/10/2024;01/01/2024;01/11/2025;600,00;;;;;;;;;;
404;1;1;1;0;0;2;5;17786872004974;17;;10;10/10/2024;01/03/2024;01/01/2026;850,00;;;;;;;;;;
405;1;1;1;0;0;2;5;01569466009040;17;;10;10/10/2024;01/02/2024;01/01/2026;425,00;;;;;;;;;;
406;1;1;1;0;0;2;5;01569466009040;25;;10;10/10/2024;01/02/2024;01/01/2026;425,00;;;;;;;;;;
407;1;1;1;0;0;2;5;17930934003493;17;;10;10/10/2024;01/01/2024;01/12/2025;850,00;;;;;;;;;;
408;1;1;1;0;0;2;5;17930934000478;17;;10;10/10/2024;01/01/2024;01/12/2025;850,00;;;;;;;;;;
409;1;1;1;0;0;2;5;45096989000460;17;;10;10/10/2024;01/06/2024;01/05/2026;850,00;;;;;;;;;;
410;1;1;1;0;0;2;5;83539676000185;19;;10;10/10/2024;01/04/2024;24/03/2026;863,50;;;;;;;;;;
411;1;1;1;0;0;2;5;41339606000133;20;;10;10/10/2024;01/01/2024;10/12/2025;49,90;;;;;;;;;;
412;1;1;1;0;0;2;5;47949656006907;17;;10;10/10/2024;01/01/2024;01/12/2025;850,00;;;;;;;;;;
413;1;1;1;0;0;2;5;03826997000202;17;;10;10/10/2024;01/06/2024;01/05/2026;850,00;;;;;;;;;;
414;1;1;1;0;0;2;5;17786872001959;17;;10;10/10/2024;01/02/2024;01/01/2026;850,00;;;;;;;;;;
415;1;1;1;0;0;2;5;04933293000110;17;;10;10/10/2024;01/01/2024;01/12/2025;850,00;;;;;;;;;;
416;1;1;1;0;0;2;5;33593575024722;17;;10;10/10/2024;01/01/2024;01/12/2025;950,00;;;;;;;;;;
417;1;1;1;0;0;2;5;33593575017351;17;;10;10/10/2024;01/04/2024;01/03/2026;850,00;;;;;;;;;;
418;1;1;1;0;0;2;5;89986400001284;17;;10;10/10/2024;01/01/2024;01/12/2025;850,00;;;;;;;;;;
419;1;1;1;0;0;2;5;45220415000451;17;;10;10/10/2024;01/07/2024;05/06/2026;595,00;;;;;;;;;;
420;1;1;1;0;0;2;5;08782380000507;17;;10;10/10/2024;01/06/2024;03/05/2026;850,00;;;;;;;;;;
421;1;1;1;0;0;2;5;45096989002594;17;;10;10/10/2024;01/02/2024;01/01/2026;850,00;;;;;;;;;;
422;1;1;1;0;0;2;5;34263417000169;17;;10;10/10/2024;01/06/2024;01/05/2026;850,00;;;;;;;;;;
423;1;1;1;0;0;2;5;17930934005003;17;;10;10/10/2024;01/01/2024;01/01/2026;850,00;;;;;;;;;;
424;1;1;1;0;0;2;5;75661264000780;17;;10;10/10/2024;01/03/2024;01/03/2026;900,00;;;;;;;;;;
425;1;1;1;0;0;2;5;01432459000550;17;;10;10/10/2024;01/05/2024;01/05/2026;850,00;;;;;;;;;;
426;1;1;1;0;0;2;5;61378774004566;17;;10;10/10/2024;01/02/2024;25/12/2026;1300,00;;;;;;;;;;
427;1;1;1;0;0;2;5;11351972000147;19;;10;10/10/2024;01/02/2024;31/12/2028;925,31;;;;;;;;;;
428;1;1;1;0;0;2;5;00402320000178;19;;10;10/10/2024;01/07/2024;15/01/2025;1189,15;;;;;;;;;;
431;1;1;1;0;0;2;5;17333582000120;19;;10;10/10/2024;01/04/2024;31/12/2024;783,83;;;;;;;;;;
432;1;1;1;0;0;2;5;08608488000146;19;;10;10/10/2024;01/04/2024;31/12/2024;783,83;;;;;;;;;;
433;1;1;1;0;0;2;5;63089825010379;17;;10;10/10/2024;01/07/2024;29/03/2025;595,00;;;;;;;;;;
